"S.No","Vehicle Number","Vehicle Type","Route ID","Route Name","Ward Name","Route Length(KM)","Route Covered(KM)","Total Distance(KM)","Route Coverage(%)","Route In Time","Route Out Time","Route Time"
1,"M271 UP85ET 7847_C","Primary - Auto Tipper",713,"W65R4","65","0.59","0.56","22.01","95.04%","07:20 AM","11:13 AM","3:53"
2,"M092 UP14PT7727_C","Primary - Auto Tipper",531,"W2R2(C)","2","1.09","0.96","38.55","88.38%","08:40 AM","12:28 PM","3:48"
3,"M196 DL51GD9113_C","Primary - Auto Tipper",717,"W67R4","67","1.18","1.03","20.51","87.86%","08:26 AM","10:39 AM","2:13"
4,"RJ06GD5309","Primary - Auto Tipper",688,"W64R1","19","1.21","1.01","23.83","83.62%","06:55 AM","11:38 AM","4:42"
5,"M262 UP85ET 7851","Primary - Auto Tipper",693,"W56R5","56","0.33","0.26","25.96","78.33%","08:13 AM","10:01 AM","1:47"
6,"M278 UP85ET 7840","Primary - Auto Tipper",732,"W9R2","9","2.93","2.23","39.56","76.05%","07:53 AM","11:02 AM","3:08"
7,"M132    UP85AG0770","Primary - Auto Tipper",579,"W35R1","35","1.04","0.78","16.50","75.07%","07:47 AM","01:17 PM","5:30"
8,"M233 UP85ET 7835","Primary - Auto Tipper",700,"W59R2","59","2.35","1.72","35.93","73.31%","08:05 AM","10:37 AM","2:31"
9,"RJ06GD5343","Auto Tipper",603,"W18R1","18","2.03","1.45","20.66","71.62%","06:54 AM","01:47 PM","6:52"
10,"M053 UP85AG0769","Primary - Auto Tipper",690,"W56R2","56","1.47","1.05","20.99","71.27%","07:59 AM","11:33 AM","3:33"
11,"UP14PT7749","Primary - Auto Tipper",710,"W65R1","65","0.93","0.66","31.00","70.84%","07:16 AM","01:51 PM","6:35"
12,"M079   UP85AG0754","Primary - Auto Tipper",665,"W47R3","47","3.12","2.21","14.30","70.82%","08:20 AM","11:12 AM","2:52"
13,"UP85AG0777","Primary - Auto Tipper",711,"W59R1","59","6.53","4.61","21.68","70.64%","08:14 AM","11:08 AM","2:54"
14,"M061 UP85AG0801","Primary - Auto Tipper",616,"W24R5","29","5.12","3.55","17.79","69.37%","08:16 AM","11:07 AM","2:50"
15,"M009 UP14PT7717","Primary - Auto Tipper",636,"W30R1","30","4.33","3.00","26.23","69.15%","07:35 AM","12:53 PM","5:17"
16,"DL51GD9441","Primary - Three Wheeler (ER)",633,"W34R3","34","5.73","3.93","25.29","68.51%","08:21 AM","01:03 PM","4:41"
17,"M077  UP85AG0761_C","Primary - Auto Tipper",643,"W37R1","37","5.41","3.68","8.57","68.10%","08:30 AM","12:37 PM","4:06"
18,"UP14PT7948","Primary - Auto Tipper",510,"W15R1","15","7.51","5.08","54.61","67.63%","09:03 AM","12:25 PM","3:21"
19,"M017 UP14PT7724","Primary - Auto Tipper",671,"W55R3","46","6.26","4.18","39.38","66.73%","08:06 AM","12:15 PM","4:08"
20,"UP85AG0964","Primary - Auto Tipper",619,"W25R1","25","11.95","7.75","51.89","64.90%","07:45 AM","10:32 AM","2:47"
21,"M127   UP85AG0762","Primary - Auto Tipper",653,"W30R2","30","6.20","4.01","27.26","64.74%","07:47 AM","12:59 PM","5:12"
22,"M264 UP85ET 7867","Primary - Auto Tipper",585,"W66R1","66","3.74","2.40","12.00","64.17%","07:58 AM","10:53 AM","2:54"
23,"M027 UP14PT8097","Primary - Auto Tipper",514,"W18R2","10","0.85","0.54","37.25","63.50%","07:12 AM","11:24 AM","4:12"
24,"M268 UP85ET 7848","Primary - Auto Tipper",501,"W10R1","10","12.20","7.59","70.34","62.26%","07:54 AM","12:00 PM","4:05"
25,"M045  UP85AG0890_C","Primary - Auto Tipper",655,"W49R4","49","2.21","1.38","21.69","62.24%","07:48 AM","12:17 PM","4:29"
26,"M095    UP85AG0788","Primary - Auto Tipper",549,"W39R2","39","7.83","4.87","27.40","62.22%","08:21 AM","01:19 PM","4:58"
27,"UP85AG0752","Primary - Auto Tipper",640,"W24R2","24","7.24","4.48","23.55","61.87%","09:14 AM","02:13 PM","4:58"
28,"M191 UP85AG0948","Primary - Auto Tipper",725,"W63R1","63","4.87","2.95","29.67","60.61%","07:53 AM","11:21 AM","3:28"
29,"MUP85AG0798","Primary - Auto Tipper",687,"W55R2","55","5.47","3.29","39.23","60.18%","06:58 AM","09:39 AM","2:41"
30,"DL51GD9456","Primary - Three Wheeler (ER)",668,"W51ER5","51","7.29","4.38","15.66","60.09%","08:13 AM","10:57 AM","2:43"
31,"M038 UP14PT7753","Primary - Auto Tipper",684,"W49R2","44","3.77","2.24","30.31","59.43%","07:29 AM","12:42 PM","5:12"
32,"M265 UP14PT8095","Primary - Auto Tipper",632,"W34R2","34","8.56","5.06","26.96","59.06%","08:02 AM","12:47 PM","4:45"
33,"UP85AG0756","Primary - Auto Tipper",552,"W41R3","57","2.13","1.24","66.97","58.08%","07:46 AM","10:07 AM","2:20"
34,"M273 UP85ET 7846","Primary - Auto Tipper",606,"W1R3","6","1.93","1.10","39.48","57.03%","09:19 AM","09:44 AM","0:25"
35,"M006 UP14PT8096","Primary - Auto Tipper",612,"W16R4","4","4.95","2.81","31.13","56.83%","08:26 AM","10:49 AM","2:22"
36,"M078   UP85AG0757","Primary - Auto Tipper",555,"W43R4","4","7.90","4.45","29.05","56.25%","08:03 AM","11:56 AM","3:52"
37,"M054 UP14PT7728","Primary - Auto Tipper",712,"W65R3","65","1.97","1.11","31.89","56.12%","07:05 AM","02:06 PM","7:01"
38,"UP85FT2581","Primary - Auto Tipper",558,"W4R2","4","8.88","4.97","910.45","55.97%","08:38 AM","11:49 AM","3:11"
39,"M238 UP85ET 7831","Primary - Auto Tipper",543,"W36R1","36","7.38","4.06","36.00","54.93%","08:38 AM","11:21 AM","2:43"
40,"M112   UP85AG0885_C","Primary - Auto Tipper",613,"W23R2","6","3.43","1.88","18.88","54.88%","07:57 AM","11:53 AM","3:55"
41,"M256 UP85ET 7861","Primary - Auto Tipper",509,"W14R1","14","7.85","4.29","39.98","54.67%","08:24 AM","12:16 PM","3:51"
42,"M257 UP85ET 7845","Primary - Auto Tipper",442,"W3R3","48","4.91","2.67","40.65","54.36%","09:21 AM","11:32 AM","2:10"
43,"M051 UP85AG0892","Primary - Auto Tipper",566,"W49R1","49","2.20","1.18","31.18","53.40%","08:09 AM","11:26 AM","3:16"
44,"M181 UP85AG0763","Primary - Auto Tipper",676,"W52R1","52","7.68","4.09","29.69","53.26%","07:15 AM","02:20 PM","7:05"
45,"M237 UP85ET 7866","Primary - Auto Tipper",654,"W31R1","31","5.97","3.16","20.23","52.84%","07:45 AM","12:55 PM","5:09"
46,"M266 UP85ET 7864","Primary - Auto Tipper",506,"W8R2","14","6.87","3.58","28.37","52.06%","07:28 AM","12:30 PM","5:02"
47,"UP85ET 7856","Primary - Auto Tipper",631,"W34R1","34","10.93","5.64","28.42","51.58%","07:52 AM","01:20 PM","5:27"
48,"M036 UP14PT8105_C","Primary - Auto Tipper",553,"W43R2","43","11.49","5.91","32.70","51.42%","07:55 AM","11:33 AM","3:38"
49,"M129   UP85AG0780","Primary - Auto Tipper",535,"W32R2","32","16.98","8.66","35.40","51.01%","07:49 AM","12:36 PM","4:47"
50,"M273 UP85ET 7846","Primary - Auto Tipper",595,"W6R4","6","12.63","6.44","39.48","50.93%","08:41 AM","11:56 AM","3:15"
51,"M004 UP14PT7951","Primary - Auto Tipper",521,"W12R4","12","5.26","2.66","24.68","50.63%","08:54 AM","11:39 AM","2:44"
52,"M115 UP85AG0887_C","Primary - Auto Tipper",605,"W19R3","14","2.49","1.26","24.55","50.36%","07:39 AM","11:41 AM","4:01"
53,"M014 UP14PT7936","Primary - Auto Tipper",624,"W1R2","1","9.70","4.83","39.05","49.74%","09:09 AM","11:36 AM","2:26"
54,"M012 UP14PT7946","Primary - Auto Tipper",556,"W44R1","44","7.30","3.62","30.37","49.67%","07:54 AM","01:05 PM","5:11"
55,"UP85FT2577","Primary - Auto Tipper",562,"W46R1","46","11.50","5.66","27.47","49.19%","07:28 AM","11:22 AM","3:54"
56,"M244 UP85AG0789_C","Primary - Auto Tipper",691,"W51R3","51","12.52","5.93","12.65","47.41%","07:56 AM","10:48 AM","2:51"
57,"MR035-70148598","Primary - Wheel Barrow",694,"W56WBR1","56","1.53","0.72","3.16","47.01%","07:20 AM","10:30 AM","3:10"
58,"M094   UP85AG0759","Primary - Auto Tipper",719,"W12R1","12","10.94","5.14","31.54","46.96%","08:09 AM","01:21 PM","5:12"
59,"M142 UP85ET 7844","Primary - Auto Tipper",660,"W39R3","22","6.92","3.21","29.98","46.46%","07:36 AM","10:28 AM","2:52"
60,"DL5TGD9454","Primary - Three Wheeler (ER)",518,"W22R2","4","3.30","1.50","15.01","45.54%","07:40 AM","10:20 AM","2:40"
61,"M086   UP85AG0880","Primary - Auto Tipper",628,"W26R1","26","3.40","1.55","23.23","45.40%","08:16 AM","12:39 PM","4:23"
62,"M058 UP85AG0950","Primary - Auto Tipper",659,"W45R1","45","8.25","3.71","33.14","45.01%","07:41 AM","09:57 AM","2:16"
63,"M174 UP85AG0771","Primary - Auto Tipper",604,"W18R3","18","2.54","1.13","8.03","44.64%","09:13 AM","10:49 AM","1:35"
64,"M254 UP85ET 7853","Primary - Auto Tipper",545,"W37R2","37","7.02","3.10","24.97","44.20%","09:56 AM","12:05 PM","2:09"
65,"MR013-70147533","Primary - Manual Rickshaw",614,"W12MR1","12","1.32","0.58","3.26","44.10%","07:35 AM","10:25 AM","2:49"
66,"M231 UP85ET 7837","Primary - Auto Tipper",670,"W54R3","54","6.21","2.74","35.38","44.05%","07:08 AM","01:13 PM","6:04"
67,"M126  UP85AG0799","Primary - Auto Tipper",661,"W3R1","3","7.54","3.29","24.72","43.55%","08:07 AM","12:07 PM","4:00"
68,"M117   UP85AG0765_C","Primary - Auto Tipper",584,"W65R2","65","0.58","0.25","13.73","43.49%","09:19 AM","11:47 AM","2:28"
69,"M055 UP85AG0891_C","Primary - Auto Tipper",698,"W53R1","26","4.30","1.86","20.17","43.23%","08:39 AM","12:01 PM","3:21"
70,"M259 UP85ET 7852","Primary - Auto Tipper",621,"W19R1","7","10.20","4.40","29.58","43.11%","07:57 AM","12:12 PM","4:15"
71,"M183 UP85AG0912(ER)","Primary - Three Wheeler (ER)",577,"W58R1","58","4.84","2.07","11.30","42.80%","07:09 AM","10:40 AM","3:31"
72,"DL51GD9464","Primary - Three Wheeler (ER)",708,"W64R2","64","0.81","0.35","5.71","42.68%","07:48 AM","10:00 AM","2:12"
73,"UP85FT2588","Primary - Auto Tipper",534,"W32R1","32","10.14","4.32","56.97","42.62%","07:00 AM","12:26 PM","5:25"
74,"M126  UP85AG0799","Primary - Auto Tipper",662,"W3R2","3","6.35","2.70","24.72","42.57%","10:28 AM","12:04 PM","1:35"
75,"UP14PT8106","Primary - Auto Tipper",570,"W51R2","51","8.66","3.66","29.54","42.26%","06:27 AM","01:05 PM","6:38"
76,"M108    UP85AG0796","Primary - Auto Tipper",623,"W1R1","1","9.04","3.80","33.15","41.98%","08:22 AM","11:41 AM","3:19"
77,"M026 UP14PT7718","Primary - Auto Tipper",615,"W24R4(C)","44","5.17","2.16","37.53","41.71%","08:44 AM","12:07 PM","3:23"
78,"M019 UP14PT7945","Primary - Auto Tipper",544,"W36R2","36","9.21","3.82","51.94","41.53%","07:17 AM","11:53 AM","4:36"
79,"MR006-70143904","Primary - Wheel Barrow",716,"W66WBR1","66","1.82","0.75","10.50","41.44%","06:50 AM","11:14 AM","4:24"
80,"MR030-70143656","Primary - Manual Rickshaw",702,"W5MR1","5","1.37","0.57","5.20","41.42%","06:49 AM","10:08 AM","3:19"
81,"M010 UP14PT8107","Primary - Auto Tipper",638,"W33R4","55","18.75","7.66","41.12","40.83%","08:36 AM","11:47 AM","3:10"
82,"UP85ET7857","Primary - Auto Tipper",587,"W67R2","67","10.45","4.22","25.86","40.41%","07:59 AM","11:40 AM","3:40"
83,"M180 UP85AG0685","Primary - Auto Tipper",726,"W63R2","63","4.79","1.93","25.95","40.21%","08:30 AM","10:35 AM","2:05"
84,"M269 UP85ET 7841","Primary - Auto Tipper",516,"W21R2","21","17.10","6.77","38.93","39.60%","08:00 AM","12:56 PM","4:55"
85,"MR027-70143441","Primary - Manual Rickshaw",507,"W41MR1","41","2.09","0.82","8.94","39.38%","07:58 AM","10:06 AM","2:07"
86,"M178 UP85AG0760","Primary - Auto Tipper",589,"W68R1","68","14.17","5.57","25.06","39.27%","08:22 AM","01:02 PM","4:39"
87,"MR028-70148226","Primary - Wheel Barrow",715,"W66R2","66","0.96","0.37","18.81","38.81%","10:09 AM","11:01 AM","0:51"
88,"M253 UP85ET 7854","Primary - Auto Tipper",557,"W4R1","29","5.35","2.08","11.80","38.79%","07:30 AM","09:58 AM","2:27"
89,"M113   UP85AGT0966","Primary - Auto Tipper",532,"W13R1","13","12.40","4.78","27.94","38.50%","08:02 AM","11:54 AM","3:52"
90,"M101  UP85AG0751","Primary - Auto Tipper",512,"W16R2","18","6.03","2.32","23.67","38.44%","08:11 AM","11:04 AM","2:52"
91,"M098   UP85AGT0956","Primary - Auto Tipper",569,"W51R1","51","15.21","5.74","31.39","37.71%","08:03 AM","01:36 PM","5:33"
92,"M277 UP85ET 7842","Primary - Auto Tipper",515,"W21R1","21","18.84","7.00","22.86","37.14%","08:01 AM","12:36 PM","4:35"
93,"M200 UP85AG0968","Primary - Auto Tipper",590,"W69R1","69","7.61","2.81","28.92","36.88%","08:02 AM","09:19 AM","1:16"
94,"M013 UP14PT7750","Primary - Auto Tipper",705,"W5R2","5","1.60","0.59","42.63","36.75%","08:47 AM","12:38 PM","3:51"
95,"MR044-70147541","Primary - Manual Rickshaw",679,"W53MR1","53","1.13","0.40","3.57","35.67%","06:55 AM","10:22 AM","3:26"
96,"M065 UP85AG0888","Primary - Auto Tipper",546,"W38R1","38","10.28","3.66","20.21","35.59%","07:51 AM","10:32 AM","2:41"
97,"M016 UP14PT7747","Primary - Auto Tipper",692,"W56R3","56","0.93","0.33","35.35","35.41%","07:36 AM","11:31 AM","3:55"
98,"RJ06GD5309","Primary - Auto Tipper",708,"W64R2","19","0.81","0.29","4.27","35.14%","07:53 AM","10:21 AM","2:27"
99,"M078   UP85AG0757","Primary - Auto Tipper",409,"W16R5","4","10.11","3.53","29.05","34.94%","08:00 AM","12:36 PM","4:35"
100,"M200 UP85AG0968","Primary - Auto Tipper",567,"W13R2","69","5.85","2.03","28.92","34.76%","10:29 AM","11:45 AM","1:16"
101,"M020 UP14PT7998","Primary - Auto Tipper",550,"W41R1","41","11.04","3.81","33.88","34.48%","08:34 AM","11:29 AM","2:54"
102,"M056 UP85AG0963","Primary - Auto Tipper",548,"W39R1","39","8.39","2.86","41.02","34.03%","08:53 AM","11:53 AM","3:00"
103,"M236 UP85ET 7830","Primary - Auto Tipper",563,"W47R1","47","5.71","1.94","20.90","34.02%","08:30 AM","12:21 PM","3:51"
104,"M223 UP85AG0959","Primary - Auto Tipper",673,"W44R2","6","8.51","2.87","29.12","33.72%","08:50 AM","11:01 AM","2:10"
105,"M207 UP85AG0965","Primary - Auto Tipper",611,"W22R1","47","4.46","1.49","452.25","33.29%","07:43 AM","01:21 PM","5:38"
106,"M057 UP85AG0774","Primary - Auto Tipper",511,"W15R2","15","16.71","5.39","53.08","32.26%","08:34 AM","11:47 AM","3:13"
107,"M263 UP85ET 7862","Primary - Auto Tipper",635,"W21R4","21","19.51","6.22","31.62","31.91%","06:58 AM","12:33 PM","5:34"
108,"M252 UP85ET 7850_C","Primary - Auto Tipper",706,"W61R1_C","61","1.70","0.51","14.93","29.78%","07:19 AM","01:13 PM","5:54"
109,"M222 UP85AG0952","Primary - Auto Tipper",588,"W67R3","21","11.02","3.24","24.66","29.38%","08:00 AM","12:36 PM","4:36"
110,"M040 UP14PT7938","Primary - Auto Tipper",522,"W24R1","24","8.70","2.56","31.84","29.38%","08:22 AM","12:04 PM","3:41"
111,"MR022-70148549","Primary - Wheel Barrow",723,"W61WR3","61","2.69","0.77","4.58","28.43%","07:56 AM","11:03 AM","3:06"
112,"M201 UP85AG0755","Primary - Auto Tipper",575,"W57R3","28","9.23","2.62","32.28","28.37%","09:00 AM","12:13 PM","3:13"
113,"M255 UP85ET 7849","Primary - Auto Tipper",513,"W16R3","16","6.89","1.94","30.65","28.23%","08:43 AM","11:57 AM","3:14"
114,"UP85FT2584","Primary - Auto Tipper",591,"W69R2","62","6.22","1.75","30.50","28.08%","07:37 AM","01:07 PM","5:30"
115,"M081  UP85AG0893_C","Primary - Auto Tipper",629,"W26R2","33","3.03","0.84","13.61","27.77%","08:11 AM","11:09 AM","2:58"
116,"M226 UP85AG0969","Primary - Auto Tipper",538,"W33R1","6","25.02","6.93","31.85","27.71%","07:11 AM","01:29 PM","6:18"
117,"M233 UP85ET 7835","Primary - Auto Tipper",540,"W33R3","59","6.86","1.86","35.93","27.07%","08:22 AM","10:36 AM","2:14"
118,"MR045-70145206","Primary - Manual Rickshaw",681,"W35MR1","35","0.94","0.25","7.13","26.51%","07:43 AM","02:07 PM","6:24"
119,"M111  UP85AG0882","Primary - Auto Tipper",697,"W58R2","58","2.76","0.71","15.94","25.86%","08:24 AM","11:07 AM","2:43"
120,"M060 UP85AG0881","Primary - Auto Tipper",551,"W41R2","41","10.50","2.71","49.20","25.84%","08:28 AM","11:42 AM","3:13"
121,"M275 UP85AG7863","Primary - Auto Tipper",524,"W27R2","27","11.59","2.97","49.07","25.64%","07:08 AM","10:55 AM","3:47"
122,"M076  UP85AG0779","Primary - Auto Tipper",539,"W33R2","33","22.67","5.72","23.85","25.22%","07:18 AM","12:05 PM","4:47"
123,"M080  UP85AG0795_C","Primary - Auto Tipper",703,"W5R1","5","2.14","0.53","13.65","24.95%","07:41 AM","01:04 PM","5:23"
124,"M099 0787","Primary - Auto Tipper",565,"W50R1","21","8.91","2.21","22.36","24.84%","07:51 AM","12:48 PM","4:57"
125,"UP85AG0804","Primary - Auto Tipper",517,"W21R6(C)","21","14.69","3.60","20.31","24.48%","07:55 AM","11:35 AM","3:40"
126,"UP85ET7858","Primary - Auto Tipper",571,"W13R4","13","14.47","3.38","30.14","23.38%","08:14 AM","11:27 AM","3:12"
127,"UP85AG0777","Primary - Auto Tipper",701,"W59R3","59","4.33","1.01","21.68","23.25%","09:38 AM","10:43 AM","1:05"
128,"M022 UP14PT7993_C","Primary - Auto Tipper",608,"W21R5","21","7.57","1.70","29.90","22.47%","07:50 AM","10:45 AM","2:55"
129,"M096   UP85AG0894","Primary - Auto Tipper",641,"W24R3","24","9.61","2.11","35.01","21.90%","09:35 AM","11:21 AM","1:45"
130,"UP85FT2585","Primary - Auto Tipper",724,"W62R1","62","4.74","1.00","3.15","21.14%","08:00 AM","10:56 AM","2:55"
131,"M102   UP85AG0758","Primary - Auto Tipper",573,"W57R1","57","13.61","2.71","35.02","19.88%","08:08 AM","10:13 AM","2:04"
132,"M219 UP85AG0962","Primary - Auto Tipper",586,"W67R1","67","7.56","1.49","25.96","19.77%","09:40 AM","10:51 AM","1:11"
133,"M243 UP85ET 7836","Primary - Auto Tipper",526,"W27R4","27","10.73","2.07","12.31","19.24%","06:56 AM","11:16 AM","4:19"
134,"M040 UP14PT7938","Primary - Auto Tipper",617,"W24R6","24","6.58","1.22","31.84","18.60%","10:11 AM","11:29 AM","1:18"
135,"M001 UP14PT7952","Primary - Auto Tipper",637,"W31R2","44","4.51","0.84","19.94","18.59%","07:17 AM","09:26 AM","2:09"
136,"M258 UP85ET 7843","Primary - Auto Tipper",682,"W48R1","48","9.71","1.55","490.79","15.93%","10:06 AM","11:30 AM","1:23"
137,"M124 DL51EV0233","Primary - Auto Tipper",572,"W14R2","14","3.75","0.57","15.55","15.08%","08:06 AM","09:37 AM","1:30"
138,"M260 UP85ET 7859","Primary - Auto Tipper",644,"W70R1","70","1.87","0.26","11.58","14.12%","11:00 AM","11:04 AM","0:04"
139,"M113   UP85AGT0966","Primary - Auto Tipper",508,"W13R3","13","7.83","1.10","27.94","13.99%","08:06 AM","11:51 AM","3:44"
140,"M268 UP85ET 7848","Primary - Auto Tipper",502,"W10R2","10","5.71","0.76","70.34","13.40%","09:31 AM","12:14 PM","2:42"
141,"MR004-70147590","Primary - Wheel Barrow",695,"W56WBR2","56","1.39","0.17","7.89","12.46%","08:00 AM","08:31 AM","0:31"
142,"M096   UP85AG0894","Primary - Auto Tipper",618,"W24R7","24","3.55","0.40","35.01","11.33%","11:17 AM","11:20 AM","0:03"
143,"M114    UP85AGT0957","Primary - Auto Tipper",601,"W8R1","21","10.09","0.93","25.91","9.23%","10:19 AM","11:11 AM","0:52"
144,"MR032-70145651","Primary - Wheel Barrow",696,"W56WBR3","56","0.93","0.08","9.92","8.57%","09:31 AM","12:27 PM","2:56"
145,"M207 UP85AG0965","Primary - Auto Tipper",581,"W60R2","47","4.48","0.38","452.25","8.38%","07:42 AM","01:25 PM","5:43"
146,"M039 UP14PT7949","Primary - Auto Tipper",533,"W31R3","31","4.51","0.36","30.02","8.04%","09:12 AM","10:52 AM","1:40"
147,"M220 UP14PT7715","Primary - Auto Tipper",651,"W42R1","27","3.88","0.28","18.01","7.28%","08:38 AM","12:08 PM","3:29"
148,"UP85FT2579","Primary - Auto Tipper",596,"W16R1","16","4.60","0.30","15.14","6.43%","11:36 AM","11:54 AM","0:18"
149,"M036 UP14PT8105_C","Primary - Auto Tipper",554,"W43R3","43","8.08","0.51","32.70","6.27%","07:53 AM","11:36 AM","3:43"
150,"M042 UP85AG0883","Primary - Auto Tipper",504,"W11R1","11","8.94","0.52","43.28","5.80%","09:15 AM","09:40 AM","0:24"
151,"M024 UP14PT7999","Primary - Auto Tipper",547,"W38R2","42","13.72","0.50","26.11","3.64%","09:27 AM","10:50 AM","1:23"
152,"M259 UP85ET 7852","Primary - Auto Tipper",599,"W7R1","7","11.04","0.39","29.58","3.57%","09:37 AM","10:28 AM","0:50"
153,"M008 UP14PT7996","Primary - Auto Tipper",542,"W35R2","35","6.80","0.24","24.31","3.53%","12:14 PM","12:17 PM","0:02"
154,"M273 UP85ET 7846","Primary - Auto Tipper",730,"W6R6","6","7.93","0.24","39.48","3.03%","12:03 PM","12:04 PM","0:01"
155,"M072   UP85AG0803","Primary - Auto Tipper",519,"W23R1","23","4.11","0.12","27.15","2.80%","02:33 PM","02:34 PM","0:00"
156,"M006 UP14PT8096","Primary - Auto Tipper",443,"W3R4","4","4.62","0.05","11.52","1.07%","10:06 AM","10:09 AM","0:03"
157,"M179 UP85AG0720_C","Primary - Auto Tipper",523,"W27R1","27","13.08","0.13","21.34","1.01%","10:26 AM","11:20 AM","0:53"
158,"M273 UP85ET 7846","Primary - Auto Tipper",594,"W6R3","6","12.89","0.12","39.48","0.93%","11:58 AM","12:02 PM","0:03"
159,"M273 UP85ET 7846","Primary - Auto Tipper",593,"W6R2","6","13.42","0.12","39.48","0.89%","12:02 PM","12:03 PM","0:00"
160,"M013 UP14PT7750","Primary - Auto Tipper",536,"W32R3","5","11.73","0.04","42.63","0.34%","02:34 PM","02:34 PM","0:00"
161,"DL51GD0277","Primary - Three Wheeler (ER)",505,"W12ER3","12","7.43","0.00","17.38","0.00%",,,
162,"M124 DL51EV0233","Primary - Auto Tipper",663,"W45R2","14","5.59","0.00","15.55","0.00%",,,
163,"M024 UP14PT7999","Primary - Auto Tipper",442,"W3R3","42","4.91","0.00","8.10","0.00%",,,
164,"M173 UP85AG0884","Primary - Auto Tipper",560,"W45R3","45","11.38","0.00","23.15","0.00%",,,
165,"UP14PT7748","Primary - Auto Tipper",564,"W47R2","48","6.00","0.00","24.77","0.00%",,,
166,"M182 UP85AG0797","Primary - Auto Tipper",642,"W36R3","36","4.28","0.00","0.08","0.00%",,,
167,"9579","Primary - Auto Tipper",722,"W50ER2","50","0.00","0.00","0.00","0.00%",,,
168,"MR001-70143920","Primary - Wheel Barrow",666,"W50WBR1","50","0.00","0.00","0.00","0.00%",,,
169,"M235 UP85ET 7838_C","Primary - Auto Tipper",677,"W52R2","52","5.91","0.00","28.99","0.00%",,,
170,"M010 UP14PT8107","Primary - Auto Tipper",686,"W55R1","55","3.76","0.00","41.12","0.00%",,,
171,"M108    UP85AG0796","Primary - Auto Tipper",699,"W54R1","1","7.39","0.00","33.15","0.00%",,,
172,"M052 UP85AG0790","Primary - Auto Tipper",645,"W40R1","40","2.31","0.00","0.09","0.00%",,,
173,"M011 DL51EV0215","Primary - Auto Tipper",652,"W42R2","26","2.15","0.00","0.00","0.00%",,,
174,,,674,"W44R3","44","0.00","0.00","0.00","0.00%",,,
175,"M225 UP85AG0953","Primary - Auto Tipper",685,"W49R3","49","6.12","0.00","0.01","0.00%",,,
176,"M109 UP85AG0794","Primary - Auto Tipper",656,"W43R1","43","0.00","0.00","0.00","0.00%",,,
177,"M007 UP14PT7719_C","Primary - Auto Tipper",649,"W40R2","40","0.00","0.00","0.00","0.00%",,,
178,"M081  UP85AG0893_C","Primary - Auto Tipper",528,"W28R2","33","11.78","0.00","13.61","0.00%",,,
179,"M245 DL51EV0265","Primary - Auto Tipper",680,"W54R2","54","4.03","0.00","0.00","0.00%",,,
180,"UP85AG0949","Primary - Auto Tipper",678,"W52R3","52","5.23","0.00","0.07","0.00%",,,
181,"M220 UP14PT7715","Primary - Auto Tipper",525,"W27R3","27","12.42","0.00","18.01","0.00%",,,
182,"M024 UP14PT7999","Primary - Auto Tipper",683,"W48R2","42","6.77","0.00","26.11","0.00%",,,
183,"MR047-70145297","Primary - Wheel Barrow",583,"W61WBR2","61","0.00","0.00","0.00","0.00%",,,
184,"MR019-70148606","Primary - Wheel Barrow",718,"W61WBR4","61","0.00","0.00","0.00","0.00%",,,
185,"MR029-70145446","Primary - Manual Rickshaw",630,"W2MR1","2","2.39","0.00","0.03","0.00%",,,
186,"M266 UP85ET 7864","Primary - Auto Tipper",580,"W60R1","14","4.31","0.00","28.37","0.00%",,,
187,"M223 UP85AG0959","Primary - Auto Tipper",592,"W6R1","6","15.85","0.00","29.12","0.00%",,,
188,"M232 UP85ET 7839_C","Primary - Auto Tipper",714,"W65R5","65","0.47","0.00","15.48","0.00%",,,
189,"M253 UP85ET 7854","Primary - Auto Tipper",647,"W29R2","29","10.41","0.00","11.80","0.00%",,,
190,"M027 UP14PT8097","Primary - Auto Tipper",527,"W28R1","10","13.51","0.00","37.25","0.00%",,,
191,"MR011-70145214","Primary - Wheel Barrow",667,"W34WBR1","34","0.00","0.00","0.00","0.00%",,,
192,"M075   UP85AG0671","Primary - Auto Tipper",648,"W2R1","2","0.00","0.00","0.00","0.00%",,,
193,"M116 UP85AG0768","Primary - Auto Tipper",343,"W27R5","27","0.00","0.00","0.00","0.00%",,,
194,"M267 UP85ET 7855","Primary - Auto Tipper",620,"W25R2","25","0.00","0.00","0.00","0.00%",,,
195,"MR034-70143664","Primary - Manual Rickshaw",520,"W24MR1","24","1.10","0.00","0.01","0.00%",,,
196,"M197 DL51GD9401_C","Primary - Auto Tipper",734,"W69R3","69","2.40","0.00","8.67","0.00%",,,
197,"MR005-70145768","Primary - Manual Rickshaw",736,"W7MR1","7","0.00","0.00","0.00","0.00%",,,
198,"MR012-70148523","Primary - Manual Rickshaw",731,"W9MR1","9","0.00","0.00","0.00","0.00%",,,
199,"M100   UP85AG0886_C","Primary - Auto Tipper",598,"W17R1","41","5.49","0.00","34.10","0.00%",,,
200,"M008 UP14PT7996","Primary - Auto Tipper",600,"W7R2","35","14.83","0.00","24.31","0.00%",,,
201,"M076  UP85AG0779","Primary - Auto Tipper",410,"W16R6","33","3.67","0.00","23.85","0.00%",,,
202,"M116 UP85AG0768","Primary - Auto Tipper",626,"W20R2","20","0.00","0.00","0.00","0.00%",,,
203,"M116 UP85AG0768","Primary - Auto Tipper",625,"W20R1","20","0.00","0.00","0.00","0.00%",,,
204,"UP85AG0756","Primary - Auto Tipper",574,"W57R2","57","9.90","0.00","66.95","0.00%",,,
205,,,622,"W19R2","19","0.00","0.00","0.00","0.00%",,,
206,"M268 UP85ET 7848","Primary - Auto Tipper",503,"W10R3","10","5.59","0.00","70.34","0.00%",,,
207,"M226 UP85AG0969","Primary - Auto Tipper",475,"W32R4","6","5.89","0.00","31.85","0.00%",,,
208,"M105   UP85AG0800","Primary - Auto Tipper",607,"W21R3","21","9.19","0.00","0.65","0.00%",,,